{"name":"strangeworld","length":10,"height":1,"width":8,"finished":true,"startTile":{"x":11,"y":19,"z":0},"cells":{"1,0,0":{"isWall":true,"halfWall":0,"isLinear":true,"virtualWall":false,"reachable":false,"explored":false},"3,0,0":{"isWall":true,"halfWall":0,"isLinear":true,"virtualWall":false,"reachable":false,"explored":false},"5,0,0":{"isWall":true,"halfWall":0,"isLinear":true,"virtualWall":false,"reachable":false,"explored":false},"7,0,0":{"isWall":true,"halfWall":0,"isLinear":true,"virtualWall":false,"reachable":false,"explored":false},"9,1,0":{"isTile":true,"tile":{"changeFloorTo":0,"halfTile":1,"black":true,"curve":[0,0,0,0],"halfWallIn":[0,0,0,0],"halfWallVic":[]},"isLinear":true,"virtualWall":false,"reachable":true,"explored":false},"9,0,0":{"isWall":true,"halfWall":0,"isLinear":true,"virtualWall":true,"reachable":false,"explored":false},"11,0,0":{"isWall":true,"halfWall":0,"isLinear":true,"virtualWall":false,"reachable":false,"explored":false},"13,0,0":{"isWall":true,"halfWall":0,"isLinear":true,"virtualWall":false,"reachable":false,"explored":false},"15,0,0":{"isWall":true,"halfWall":0,"isLinear":true,"virtualWall":false,"reachable":false,"explored":false},"16,1,0":{"isWall":true,"halfWall":0,"isLinear":true,"virtualWall":false,"reachable":false,"explored":false},"16,3,0":{"isWall":true,"halfWall":0,"isLinear":true,"virtualWall":false,"reachable":false,"explored":false},"16,5,0":{"isWall":true,"halfWall":0,"isLinear":true,"virtualWall":false,"reachable":false,"explored":false},"16,7,0":{"isWall":true,"halfWall":0,"isLinear":true,"virtualWall":false,"reachable":false,"explored":false},"16,9,0":{"isWall":true,"halfWall":0,"isLinear":true,"virtualWall":false,"reachable":false,"explored":false},"16,11,0":{"isWall":true,"halfWall":0,"isLinear":true,"virtualWall":false,"reachable":false,"explored":false},"16,13,0":{"isWall":true,"halfWall":0,"isLinear":true,"virtualWall":false,"reachable":false,"explored":false},"16,15,0":{"isWall":true,"halfWall":0,"isLinear":true,"virtualWall":false,"reachable":false,"explored":false},"16,17,0":{"isWall":true,"halfWall":0,"isLinear":true,"virtualWall":false,"reachable":false,"explored":false},"16,19,0":{"isWall":true,"halfWall":0,"isLinear":true,"virtualWall":false,"reachable":false,"explored":false},"15,20,0":{"isWall":true,"halfWall":0,"isLinear":true,"virtualWall":false,"reachable":false,"explored":false},"13,20,0":{"isWall":true,"halfWall":0,"isLinear":true,"virtualWall":false,"reachable":false,"explored":false},"11,20,0":{"isWall":true,"halfWall":0,"isLinear":true,"virtualWall":false,"reachable":false,"explored":false},"9,20,0":{"isWall":true,"halfWall":0,"isLinear":true,"virtualWall":false,"reachable":false,"explored":false},"7,20,0":{"isWall":true,"halfWall":0,"isLinear":true,"virtualWall":false,"reachable":false,"explored":false},"5,20,0":{"isWall":true,"halfWall":0,"isLinear":true,"virtualWall":true,"reachable":false,"explored":false},"3,20,0":{"isWall":true,"halfWall":0,"isLinear":true,"virtualWall":false,"reachable":false,"explored":false},"1,20,0":{"isWall":true,"halfWall":0,"isLinear":true,"virtualWall":false,"reachable":false,"explored":false},"0,19,0":{"isWall":true,"halfWall":0,"isLinear":true,"virtualWall":false,"reachable":false,"explored":false},"0,17,0":{"isWall":true,"halfWall":0,"isLinear":true,"virtualWall":false,"reachable":false,"explored":false},"0,15,0":{"isWall":true,"halfWall":0,"isLinear":true,"virtualWall":false,"reachable":false,"explored":false},"0,13,0":{"isWall":true,"halfWall":0,"isLinear":true,"virtualWall":false,"reachable":false,"explored":false},"0,11,0":{"isWall":true,"halfWall":0,"isLinear":true,"virtualWall":true,"reachable":false,"explored":false},"0,9,0":{"isWall":true,"halfWall":0,"isLinear":true,"virtualWall":false,"reachable":false,"explored":false},"0,7,0":{"isWall":true,"halfWall":0,"isLinear":true,"virtualWall":false,"reachable":false,"explored":false},"0,5,0":{"isWall":true,"halfWall":0,"isLinear":true,"virtualWall":false,"reachable":false,"explored":false},"0,3,0":{"isWall":true,"halfWall":0,"isLinear":true,"virtualWall":false,"reachable":false,"explored":false},"0,1,0":{"isWall":true,"halfWall":0,"isLinear":true,"virtualWall":false,"reachable":false,"explored":false},"5,19,0":{"isTile":true,"tile":{"changeFloorTo":0,"halfTile":0,"black":true,"curve":[0,0,0,0],"halfWallIn":[0,0,0,0],"halfWallVic":[]},"isLinear":true,"virtualWall":false,"reachable":true,"explored":false},"9,17,0":{"isTile":true,"tile":{"changeFloorTo":0,"halfTile":0,"black":true,"curve":[0,0,0,0],"halfWallIn":[0,0,0,0],"halfWallVic":[]},"isLinear":true,"virtualWall":false,"reachable":true,"explored":false},"1,11,0":{"isTile":true,"tile":{"changeFloorTo":0,"halfTile":0,"black":true,"curve":[0,0,0,0],"halfWallIn":[0,0,0,0],"halfWallVic":[]},"isLinear":true,"virtualWall":false,"reachable":true,"explored":false},"13,9,0":{"isTile":true,"tile":{"changeFloorTo":0,"halfTile":1,"black":true,"curve":[0,0,0,0],"halfWallIn":[0,0,0,0],"halfWallVic":[]},"isLinear":true,"virtualWall":false,"reachable":true,"explored":false},"3,5,0":{"isTile":true,"tile":{"changeFloorTo":0,"halfTile":0,"black":true,"curve":[0,0,0,0],"halfWallIn":[0,0,0,0],"halfWallVic":[]},"isLinear":false,"virtualWall":false,"reachable":true,"explored":false},"13,5,0":{"isTile":true,"tile":{"changeFloorTo":0,"halfTile":1,"black":true,"curve":[0,0,0,0],"halfWallIn":[0,0,0,0],"halfWallVic":[]},"isLinear":false,"virtualWall":false,"reachable":true,"explored":false},"11,5,0":{"isTile":true,"tile":{"changeFloorTo":0,"halfTile":1,"obstacle":true,"curve":[0,0,0,0],"halfWallIn":[0,0,0,0],"halfWallVic":[]},"isLinear":false,"virtualWall":false,"reachable":true,"explored":false},"7,7,0":{"isTile":true,"tile":{"changeFloorTo":0,"halfTile":1,"obstacle":true,"curve":[0,0,0,0],"halfWallIn":[0,0,0,0],"halfWallVic":[]},"isLinear":true,"virtualWall":false,"reachable":true,"explored":false},"1,7,0":{"isTile":true,"tile":{"changeFloorTo":0,"halfTile":1,"obstacle":true,"curve":[0,0,0,0],"halfWallIn":[0,0,0,0],"halfWallVic":[]},"isLinear":true,"virtualWall":false,"reachable":true,"explored":false},"5,8,0":{"isWall":true,"halfWall":0,"isLinear":true,"virtualWall":false,"reachable":false,"explored":false},"7,8,0":{"isWall":true,"halfWall":0,"isLinear":true,"virtualWall":false,"reachable":false,"explored":false},"9,8,0":{"isWall":true,"halfWall":0,"isLinear":true,"virtualWall":false,"reachable":false,"explored":false},"11,8,0":{"isWall":true,"halfWall":0,"isLinear":true,"virtualWall":false,"reachable":false,"explored":false},"13,8,0":{"isWall":true,"halfWall":0,"isLinear":true,"virtualWall":true,"reachable":false,"explored":false},"15,8,0":{"isWall":true,"halfWall":0,"isLinear":true,"virtualWall":false,"reachable":false,"explored":false},"8,5,0":{"isWall":true,"halfWall":0,"isLinear":false,"virtualWall":false,"reachable":false,"explored":false},"9,6,0":{"isWall":false,"halfWall":0,"isLinear":false,"virtualWall":false,"reachable":false,"explored":false},"11,6,0":{"isWall":false,"halfWall":1,"isLinear":false,"virtualWall":false,"reachable":false,"explored":false},"13,6,0":{"isWall":true,"halfWall":0,"isLinear":false,"virtualWall":true,"reachable":false,"explored":false},"11,19,0":{"isTile":true,"tile":{"changeFloorTo":0,"halfTile":0,"curve":[0,0,0,0],"halfWallIn":[0,0,0,0],"halfWallVic":[]},"isLinear":true,"virtualWall":false,"reachable":true,"explored":false},"10,1,0":{"virtualWall":true,"isLinear":true,"reachable":false,"explored":false},"8,1,0":{"virtualWall":true,"isLinear":true,"reachable":false,"explored":false},"9,2,0":{"virtualWall":true,"isLinear":true,"reachable":false,"explored":false},"5,18,0":{"virtualWall":true,"isLinear":true,"reachable":false,"explored":false},"6,19,0":{"virtualWall":true,"isLinear":true,"reachable":false,"explored":false},"4,19,0":{"virtualWall":true,"isLinear":true,"reachable":false,"explored":false},"9,16,0":{"virtualWall":true,"isLinear":true,"reachable":false,"explored":false,"isWall":true},"10,17,0":{"virtualWall":true,"isLinear":true,"reachable":false,"explored":false},"8,17,0":{"virtualWall":true,"isLinear":true,"reachable":false,"explored":false},"9,18,0":{"virtualWall":true,"isLinear":true,"reachable":false,"explored":false},"1,10,0":{"virtualWall":true,"isLinear":true,"reachable":false,"explored":false,"isWall":false},"2,11,0":{"virtualWall":true,"isLinear":true,"reachable":false,"explored":false},"1,12,0":{"virtualWall":true,"isLinear":true,"reachable":false,"explored":false,"isWall":true},"14,9,0":{"virtualWall":true,"isLinear":true,"reachable":false,"explored":false},"12,9,0":{"virtualWall":true,"isLinear":true,"reachable":false,"explored":false,"isWall":false,"halfWall":2},"13,10,0":{"virtualWall":true,"isLinear":true,"reachable":false,"explored":false,"isWall":false,"halfWall":1},"3,4,0":{"virtualWall":true,"isLinear":false,"reachable":false,"explored":false},"4,5,0":{"virtualWall":true,"isLinear":false,"reachable":false,"explored":false},"2,5,0":{"virtualWall":true,"isLinear":false,"reachable":false,"explored":false},"3,6,0":{"virtualWall":true,"isLinear":false,"reachable":false,"explored":false},"13,4,0":{"virtualWall":true,"isLinear":false,"reachable":false,"explored":false},"14,5,0":{"virtualWall":true,"isLinear":false,"reachable":false,"explored":false,"isWall":false,"halfWall":1},"12,5,0":{"virtualWall":true,"isLinear":false,"reachable":false,"explored":false},"9,19,0":{"isTile":true,"isLinear":true,"tile":{"changeFloorTo":0,"curve":[0,0,0,0],"halfWallIn":[0,0,0,0],"halfWallVic":[]},"reachable":true,"virtualWall":false,"explored":false},"13,19,0":{"isTile":true,"isLinear":true,"tile":{"changeFloorTo":0,"curve":[0,0,0,0],"halfWallIn":[0,0,0,0],"halfWallVic":[]},"reachable":true,"virtualWall":false,"explored":false},"9,21,0":{"isTile":true,"isLinear":true,"tile":{"changeFloorTo":0,"curve":[0,0,0,0],"halfWallIn":[0,0,0,0],"halfWallVic":[]},"virtualWall":false,"reachable":false,"explored":false},"11,21,0":{"isTile":true,"isLinear":true,"tile":{"changeFloorTo":0,"curve":[0,0,0,0],"halfWallIn":[0,0,0,0],"halfWallVic":[]},"virtualWall":false,"reachable":false,"explored":false},"13,21,0":{"isTile":true,"isLinear":true,"tile":{"changeFloorTo":0,"curve":[0,0,0,0],"halfWallIn":[0,0,0,0],"halfWallVic":[]},"virtualWall":false,"reachable":false,"explored":false},"15,19,0":{"isTile":true,"isLinear":true,"tile":{"changeFloorTo":0,"curve":[0,0,0,0],"halfWallIn":[0,0,0,0],"halfWallVic":[]},"reachable":true,"virtualWall":false,"explored":false},"15,21,0":{"isTile":true,"isLinear":true,"tile":{"changeFloorTo":0,"curve":[0,0,0,0],"halfWallIn":[0,0,0,0],"halfWallVic":[]},"virtualWall":false,"reachable":false,"explored":false},"17,19,0":{"isTile":true,"isLinear":true,"tile":{"changeFloorTo":0,"curve":[0,0,0,0],"halfWallIn":[0,0,0,0],"halfWallVic":[]},"virtualWall":false,"reachable":false,"explored":false},"17,21,0":{"isTile":true,"isLinear":true,"tile":{"changeFloorTo":0,"curve":[0,0,0,0],"halfWallIn":[0,0,0,0],"halfWallVic":[]},"virtualWall":false,"reachable":false,"explored":false},"15,17,0":{"isTile":true,"isLinear":true,"tile":{"changeFloorTo":0,"curve":[0,0,0,0],"halfWallIn":[0,0,0,0],"halfWallVic":[]},"reachable":true,"virtualWall":false,"explored":false},"17,17,0":{"isTile":true,"isLinear":true,"tile":{"changeFloorTo":0,"curve":[0,0,0,0],"halfWallIn":[0,0,0,0],"halfWallVic":[]},"virtualWall":false,"reachable":false,"explored":false},"15,15,0":{"isTile":true,"isLinear":true,"tile":{"changeFloorTo":0,"curve":[0,0,0,0],"halfWallIn":[0,0,0,0],"halfWallVic":[]},"reachable":true,"virtualWall":false,"explored":false},"17,15,0":{"isTile":true,"isLinear":true,"tile":{"changeFloorTo":0,"curve":[0,0,0,0],"halfWallIn":[0,0,0,0],"halfWallVic":[]},"virtualWall":false,"reachable":false,"explored":false},"15,13,0":{"isTile":true,"isLinear":true,"tile":{"changeFloorTo":0,"curve":[0,0,0,0],"halfWallIn":[0,0,0,0],"halfWallVic":[],"victims":{"top":"F"}},"reachable":true,"virtualWall":false,"explored":false},"17,13,0":{"isTile":true,"isLinear":true,"tile":{"changeFloorTo":0,"curve":[0,0,0,0],"halfWallIn":[0,0,0,0],"halfWallVic":[]},"virtualWall":false,"reachable":false,"explored":false},"15,11,0":{"isTile":true,"isLinear":true,"tile":{"changeFloorTo":0,"curve":[0,0,0,0],"halfWallIn":[0,0,0,0],"halfWallVic":[],"halfTile":1},"reachable":true,"virtualWall":false,"explored":false},"17,11,0":{"isTile":true,"isLinear":true,"tile":{"changeFloorTo":0,"curve":[0,0,0,0],"halfWallIn":[0,0,0,0],"halfWallVic":[]},"virtualWall":false,"reachable":false,"explored":false},"15,9,0":{"isTile":true,"isLinear":true,"tile":{"changeFloorTo":0,"curve":[0,0,0,0],"halfWallIn":[0,0,0,0],"halfWallVic":[],"victims":{"right":"P"},"halfTile":1},"reachable":true,"virtualWall":false,"explored":false},"17,9,0":{"isTile":true,"isLinear":true,"tile":{"changeFloorTo":0,"curve":[0,0,0,0],"halfWallIn":[0,0,0,0],"halfWallVic":[]},"virtualWall":false,"reachable":false,"explored":false},"15,7,0":{"isTile":true,"isLinear":true,"tile":{"changeFloorTo":0,"curve":[0,0,0,0],"halfWallIn":[0,0,0,0],"halfWallVic":[],"halfTile":1},"reachable":true,"virtualWall":false,"explored":false},"17,7,0":{"isTile":true,"isLinear":true,"tile":{"changeFloorTo":0,"curve":[0,0,0,0],"halfWallIn":[0,0,0,0],"halfWallVic":[]},"virtualWall":false,"reachable":false,"explored":false},"15,5,0":{"isTile":true,"isLinear":true,"tile":{"changeFloorTo":0,"curve":[0,0,0,0],"halfWallIn":[0,0,0,0],"halfWallVic":[],"halfTile":1},"reachable":true,"virtualWall":false,"explored":false},"17,5,0":{"isTile":true,"isLinear":true,"tile":{"changeFloorTo":0,"curve":[0,0,0,0],"halfWallIn":[0,0,0,0],"halfWallVic":[]},"virtualWall":false,"reachable":false,"explored":false},"15,3,0":{"isTile":true,"isLinear":true,"tile":{"changeFloorTo":0,"curve":[0,1,0,0],"halfWallIn":[0,0,0,0],"halfWallVic":[],"halfTile":1},"reachable":true,"virtualWall":false,"explored":false},"17,3,0":{"isTile":true,"isLinear":true,"tile":{"changeFloorTo":0,"curve":[0,0,0,0],"halfWallIn":[0,0,0,0],"halfWallVic":[]},"virtualWall":false,"reachable":false,"explored":false},"15,1,0":{"isTile":true,"isLinear":true,"tile":{"changeFloorTo":0,"curve":[0,0,0,0],"halfWallIn":[0,0,0,0],"halfWallVic":[],"halfTile":1,"checkpoint":true},"reachable":true,"virtualWall":false,"explored":false},"17,1,0":{"isTile":true,"isLinear":true,"tile":{"changeFloorTo":0,"curve":[0,0,0,0],"halfWallIn":[0,0,0,0],"halfWallVic":[]},"virtualWall":false,"reachable":false,"explored":false},"13,1,0":{"isTile":true,"isLinear":true,"tile":{"changeFloorTo":0,"curve":[0,0,0,0],"halfWallIn":[0,0,0,0],"halfWallVic":[],"halfTile":1},"reachable":true,"virtualWall":false,"explored":false},"11,1,0":{"isTile":true,"isLinear":true,"tile":{"changeFloorTo":0,"curve":[0,0,0,0],"halfWallIn":[0,0,0,0],"halfWallVic":[],"halfTile":1,"victims":{"bottom":"S"}},"reachable":true,"virtualWall":false,"explored":false},"7,1,0":{"isTile":true,"isLinear":true,"tile":{"changeFloorTo":0,"curve":[0,0,0,0],"halfWallIn":[0,0,0,0],"halfWallVic":[],"halfTile":1},"reachable":true,"virtualWall":false,"explored":false},"5,1,0":{"isTile":true,"isLinear":true,"tile":{"changeFloorTo":0,"curve":[0,0,0,0],"halfWallIn":[0,0,0,0],"halfWallVic":[],"halfTile":1},"reachable":true,"virtualWall":false,"explored":false},"3,1,0":{"isTile":true,"isLinear":true,"tile":{"changeFloorTo":0,"curve":[0,0,0,0],"halfWallIn":[0,0,0,0],"halfWallVic":[],"halfTile":1},"reachable":true,"virtualWall":false,"explored":false},"1,1,0":{"isTile":true,"isLinear":true,"tile":{"changeFloorTo":0,"curve":[0,0,0,0],"halfWallIn":[0,0,0,0],"halfWallVic":[null,null,null,null,null,null,null,null,null,null,"1"],"halfTile":1},"reachable":true,"virtualWall":false,"explored":false},"1,3,0":{"isTile":true,"isLinear":true,"tile":{"changeFloorTo":0,"curve":[0,0,0,0],"halfWallIn":[0,0,0,0],"halfWallVic":[],"halfTile":1},"reachable":true,"virtualWall":false,"explored":false},"1,5,0":{"isTile":true,"isLinear":true,"tile":{"changeFloorTo":0,"curve":[0,0,0,0],"halfWallIn":[0,0,0,0],"halfWallVic":[],"halfTile":1},"reachable":true,"virtualWall":false,"explored":false},"1,9,0":{"isTile":true,"isLinear":true,"tile":{"changeFloorTo":0,"curve":[0,0,0,0],"halfWallIn":[0,0,0,0],"halfWallVic":[],"halfTile":1},"reachable":true,"virtualWall":false,"explored":false},"1,13,0":{"isTile":true,"isLinear":true,"tile":{"changeFloorTo":0,"curve":[0,0,0,0],"halfWallIn":[0,0,0,0],"halfWallVic":[]},"reachable":true,"virtualWall":false,"explored":false},"1,15,0":{"isTile":true,"isLinear":true,"tile":{"changeFloorTo":0,"curve":[0,0,0,0],"halfWallIn":[0,0,0,0],"halfWallVic":[]},"reachable":true,"virtualWall":false,"explored":false},"1,17,0":{"isTile":true,"isLinear":true,"tile":{"changeFloorTo":0,"curve":[0,0,0,0],"halfWallIn":[0,0,0,0],"halfWallVic":[]},"reachable":true,"virtualWall":false,"explored":false},"1,19,0":{"isTile":true,"isLinear":true,"tile":{"changeFloorTo":0,"curve":[0,0,0,0],"halfWallIn":[0,0,0,0],"halfWallVic":[]},"reachable":true,"virtualWall":false,"explored":false},"1,21,0":{"isTile":true,"isLinear":true,"tile":{"changeFloorTo":0,"curve":[0,0,0,0],"halfWallIn":[0,0,0,0],"halfWallVic":[]},"virtualWall":false,"reachable":false,"explored":false},"3,19,0":{"isTile":true,"isLinear":true,"tile":{"changeFloorTo":0,"curve":[0,0,0,0],"halfWallIn":[0,0,0,0],"halfWallVic":[],"victims":{"bottom":"H"}},"reachable":true,"virtualWall":false,"explored":false},"3,21,0":{"isTile":true,"isLinear":true,"tile":{"changeFloorTo":0,"curve":[0,0,0,0],"halfWallIn":[0,0,0,0],"halfWallVic":[]},"virtualWall":false,"reachable":false,"explored":false},"5,21,0":{"isTile":true,"isLinear":true,"tile":{"changeFloorTo":0,"curve":[0,0,0,0],"halfWallIn":[0,0,0,0],"halfWallVic":[]},"virtualWall":false,"reachable":false,"explored":false},"7,19,0":{"isTile":true,"isLinear":true,"tile":{"changeFloorTo":0,"curve":[0,0,0,0],"halfWallIn":[0,0,0,0],"halfWallVic":[]},"reachable":true,"virtualWall":false,"explored":false},"7,21,0":{"isTile":true,"isLinear":true,"tile":{"changeFloorTo":0,"curve":[0,0,0,0],"halfWallIn":[0,0,0,0],"halfWallVic":[]},"virtualWall":false,"reachable":false,"explored":false},"5,17,0":{"isTile":true,"isLinear":true,"tile":{"changeFloorTo":0,"curve":[0,0,0,0],"halfWallIn":[0,0,0,0],"halfWallVic":[]},"reachable":true,"virtualWall":false,"explored":false},"7,17,0":{"isTile":true,"isLinear":true,"tile":{"changeFloorTo":0,"curve":[0,0,0,0],"halfWallIn":[0,0,0,0],"halfWallVic":[]},"reachable":true,"virtualWall":false,"explored":false},"3,17,0":{"isTile":true,"isLinear":true,"tile":{"changeFloorTo":0,"curve":[0,0,0,0],"halfWallIn":[0,0,0,0],"halfWallVic":[]},"reachable":true,"virtualWall":false,"explored":false},"3,11,0":{"isTile":true,"isLinear":true,"tile":{"changeFloorTo":0,"curve":[0,0,0,0],"halfWallIn":[0,0,0,0],"halfWallVic":[],"color":"#1a1ae6"},"reachable":true,"virtualWall":false,"explored":false},"3,13,0":{"isTile":true,"isLinear":true,"tile":{"changeFloorTo":0,"curve":[0,0,0,0],"halfWallIn":[0,0,0,0],"halfWallVic":[]},"reachable":true,"virtualWall":false,"explored":false},"3,9,0":{"isTile":true,"isLinear":true,"tile":{"changeFloorTo":0,"curve":[0,0,0,0],"halfWallIn":[0,0,0,0],"halfWallVic":[],"halfTile":1,"checkpoint":true},"reachable":true,"virtualWall":false,"explored":false},"7,3,0":{"isTile":true,"isLinear":true,"tile":{"changeFloorTo":0,"curve":[0,0,0,0],"halfWallIn":[0,0,0,0],"halfWallVic":[],"halfTile":1},"reachable":true,"virtualWall":false,"explored":false},"9,3,0":{"isTile":true,"isLinear":true,"tile":{"changeFloorTo":0,"curve":[0,0,0,0],"halfWallIn":[0,0,0,0],"halfWallVic":[],"halfTile":1},"reachable":true,"virtualWall":false,"explored":false},"11,3,0":{"isTile":true,"isLinear":true,"tile":{"changeFloorTo":0,"curve":[0,0,0,0],"halfWallIn":[0,0,0,0],"halfWallVic":[],"halfTile":1},"reachable":true,"virtualWall":false,"explored":false},"13,7,0":{"isTile":true,"isLinear":true,"tile":{"changeFloorTo":0,"curve":[0,0,0,0],"halfWallIn":[0,0,0,0],"halfWallVic":[],"halfTile":1},"reachable":true,"virtualWall":false,"explored":false},"11,7,0":{"isTile":true,"isLinear":true,"tile":{"changeFloorTo":0,"curve":[0,0,0,0],"halfWallIn":[0,0,0,0],"halfWallVic":[],"halfTile":1},"reachable":true,"virtualWall":false,"explored":false},"11,9,0":{"isTile":true,"isLinear":true,"tile":{"changeFloorTo":0,"curve":[0,0,0,0],"halfWallIn":[0,0,0,0],"halfWallVic":[],"halfTile":1},"reachable":true,"virtualWall":false,"explored":false},"9,7,0":{"isTile":true,"isLinear":true,"tile":{"changeFloorTo":0,"curve":[0,0,0,0],"halfWallIn":[0,0,0,0],"halfWallVic":[],"halfTile":1},"reachable":true,"virtualWall":false,"explored":false},"9,9,0":{"isTile":true,"isLinear":true,"tile":{"changeFloorTo":0,"curve":[0,0,0,0],"halfWallIn":[0,0,0,0],"halfWallVic":[null,null,null,null,null,null,null,null,null,null,null,null,null,null,"2"],"halfTile":1},"reachable":true,"virtualWall":false,"explored":false},"7,9,0":{"isTile":true,"isLinear":true,"tile":{"changeFloorTo":0,"curve":[0,0,0,0],"halfWallIn":[0,0,0,0],"halfWallVic":[],"halfTile":1},"reachable":true,"virtualWall":false,"explored":false},"5,7,0":{"isTile":true,"isLinear":true,"tile":{"changeFloorTo":0,"curve":[0,0,0,0],"halfWallIn":[0,0,0,0],"halfWallVic":[],"halfTile":1},"reachable":true,"virtualWall":false,"explored":false},"5,9,0":{"isTile":true,"isLinear":true,"tile":{"changeFloorTo":0,"curve":[0,0,0,0],"halfWallIn":[0,0,0,0],"halfWallVic":[],"halfTile":1},"reachable":true,"virtualWall":false,"explored":false},"3,7,0":{"isTile":true,"isLinear":true,"tile":{"changeFloorTo":0,"curve":[0,0,0,0],"halfWallIn":[0,0,0,0],"halfWallVic":[],"color":"#4d1a99"},"reachable":true,"virtualWall":false,"explored":false},"11,11,0":{"isTile":true,"isLinear":true,"tile":{"changeFloorTo":0,"curve":[0,0,0,0],"halfWallIn":[0,0,0,0],"halfWallVic":[],"halfTile":1},"reachable":true,"virtualWall":false,"explored":false},"13,11,0":{"isTile":true,"isLinear":true,"tile":{"changeFloorTo":0,"curve":[0,0,0,0],"halfWallIn":[0,0,0,0],"halfWallVic":[],"halfTile":1},"reachable":true,"virtualWall":false,"explored":false},"9,15,0":{"isTile":true,"isLinear":true,"tile":{"changeFloorTo":0,"curve":[0,0,0,0],"halfWallIn":[0,0,0,0],"halfWallVic":[]},"reachable":true,"virtualWall":false,"explored":false},"11,15,0":{"isTile":true,"isLinear":true,"tile":{"changeFloorTo":0,"curve":[0,0,0,0],"halfWallIn":[0,0,0,0],"halfWallVic":[]},"reachable":true,"virtualWall":false,"explored":false},"11,17,0":{"isTile":true,"isLinear":true,"tile":{"changeFloorTo":0,"curve":[0,0,0,0],"halfWallIn":[0,0,0,0],"halfWallVic":[]},"reachable":true,"virtualWall":false,"explored":false},"7,15,0":{"isTile":true,"isLinear":true,"tile":{"changeFloorTo":0,"curve":[0,0,0,0],"halfWallIn":[0,0,0,0],"halfWallVic":[]},"reachable":true,"virtualWall":false,"explored":false},"11,13,0":{"isTile":true,"tile":{"changeFloorTo":0,"halfWallIn":[0,0,0,0],"curve":[0,0,0,0],"halfWallVic":[],"victims":{"top":"C"}},"reachable":true,"isLinear":true,"virtualWall":false,"explored":false},"13,13,0":{"isTile":true,"tile":{"changeFloorTo":0,"halfWallIn":[0,0,0,0],"curve":[0,0,0,0],"halfWallVic":[],"victims":{"top":"P"}},"reachable":true,"isLinear":true,"virtualWall":false,"explored":false},"13,15,0":{"isTile":true,"tile":{"changeFloorTo":0,"halfWallIn":[0,0,0,0],"curve":[0,0,0,0],"halfWallVic":[]},"reachable":true,"isLinear":true,"virtualWall":false,"explored":false},"13,17,0":{"isTile":true,"tile":{"changeFloorTo":0,"halfWallIn":[0,0,0,0],"curve":[0,0,0,0],"halfWallVic":[]},"reachable":true,"isLinear":true,"virtualWall":false,"explored":false},"9,11,0":{"isTile":true,"tile":{"changeFloorTo":0,"halfWallIn":[0,0,0,0],"curve":[0,0,0,0],"halfWallVic":[],"halfTile":1},"reachable":true,"isLinear":true,"virtualWall":false,"explored":false},"9,13,0":{"isTile":true,"tile":{"changeFloorTo":0,"halfWallIn":[0,0,0,0],"curve":[0,0,0,0],"halfWallVic":[],"victims":{"top":"O"}},"reachable":true,"isLinear":true,"virtualWall":false,"explored":false},"7,13,0":{"isTile":true,"tile":{"changeFloorTo":0,"halfWallIn":[0,0,0,0],"curve":[0,0,0,0],"halfWallVic":[]},"reachable":true,"isLinear":true,"virtualWall":false,"explored":false},"7,11,0":{"isTile":true,"tile":{"changeFloorTo":0,"halfWallIn":[0,0,0,0],"curve":[0,0,0,0],"halfWallVic":[],"halfTile":1},"reachable":true,"isLinear":true,"virtualWall":false,"explored":false},"5,11,0":{"isTile":true,"tile":{"changeFloorTo":0,"halfWallIn":[0,0,0,0],"curve":[0,0,0,0],"halfWallVic":[],"halfTile":1},"reachable":true,"isLinear":true,"virtualWall":false,"explored":false},"5,13,0":{"isTile":true,"tile":{"changeFloorTo":0,"halfWallIn":[0,0,0,0],"curve":[0,0,0,0],"halfWallVic":[]},"reachable":true,"isLinear":true,"virtualWall":false,"explored":false},"5,15,0":{"isTile":true,"tile":{"changeFloorTo":0,"halfWallIn":[0,0,0,0],"curve":[0,0,0,0],"halfWallVic":[]},"reachable":true,"isLinear":true,"virtualWall":false,"explored":false},"3,15,0":{"isTile":true,"tile":{"changeFloorTo":0,"halfWallIn":[0,0,0,0],"curve":[0,0,0,0],"halfWallVic":[]},"reachable":true,"isLinear":true,"virtualWall":false,"explored":false},"3,3,0":{"isTile":true,"tile":{"changeFloorTo":0,"halfWallIn":[0,0,0,0],"curve":[0,0,0,0],"halfWallVic":["3"],"halfTile":1},"reachable":true,"isLinear":false,"virtualWall":false,"explored":false},"5,3,0":{"isTile":true,"tile":{"changeFloorTo":0,"halfWallIn":[0,0,0,0],"curve":[0,0,0,0],"halfWallVic":[],"halfTile":1},"reachable":true,"isLinear":true,"virtualWall":false,"explored":false},"5,5,0":{"isTile":true,"tile":{"changeFloorTo":0,"halfWallIn":[0,0,0,0],"curve":[0,0,0,0],"halfWallVic":[],"halfTile":1},"reachable":true,"isLinear":true,"virtualWall":false,"explored":false},"7,5,0":{"isTile":true,"tile":{"changeFloorTo":0,"halfWallIn":[0,0,0,0],"curve":[0,0,0,0],"halfWallVic":[],"halfTile":1},"reachable":true,"isLinear":true,"virtualWall":false,"explored":false},"9,5,0":{"isTile":true,"tile":{"changeFloorTo":0,"halfWallIn":[0,0,0,0],"curve":[0,0,0,0],"halfWallVic":[],"halfTile":1,"victims":{"top":"F"}},"reachable":true,"isLinear":false,"virtualWall":false,"explored":false},"13,3,0":{"isTile":true,"tile":{"changeFloorTo":0,"halfWallIn":[0,0,0,0],"curve":[0,0,0,0],"halfWallVic":[],"halfTile":1},"reachable":true,"isLinear":true,"virtualWall":false,"explored":false},"7,18,0":{"isWall":false,"halfWall":0,"isLinear":false,"virtualWall":false,"reachable":false,"explored":false},"3,16,0":{"isWall":true,"halfWall":0,"isLinear":true,"virtualWall":false,"reachable":false,"explored":false},"5,16,0":{"isWall":true,"halfWall":0,"isLinear":true,"virtualWall":false,"reachable":false,"explored":false},"7,16,0":{"isWall":true,"halfWall":0,"isLinear":true,"virtualWall":false,"reachable":false,"explored":false},"11,16,0":{"isWall":true,"halfWall":0,"isLinear":true,"virtualWall":false,"reachable":false,"explored":false},"13,16,0":{"isWall":true,"halfWall":0,"isLinear":true,"virtualWall":false,"reachable":false,"explored":false},"15,16,0":{"isWall":true,"halfWall":0,"isLinear":true,"virtualWall":false,"reachable":false,"explored":false},"4,13,0":{"isWall":true,"halfWall":0,"isLinear":true,"virtualWall":false,"reachable":false,"explored":false},"3,10,0":{"isWall":true,"halfWall":0,"isLinear":true,"virtualWall":false,"reachable":false,"explored":false},"1,8,0":{"isWall":true,"halfWall":0,"isLinear":true,"virtualWall":false,"reachable":false,"explored":false},"2,9,0":{"isWall":false,"halfWall":0,"isLinear":false,"virtualWall":false,"reachable":false,"explored":false},"5,12,0":{"isWall":true,"halfWall":0,"isLinear":true,"virtualWall":false,"reachable":false,"explored":false},"7,12,0":{"isWall":true,"halfWall":0,"isLinear":true,"virtualWall":false,"reachable":false,"explored":false},"9,12,0":{"isWall":true,"halfWall":0,"isLinear":true,"virtualWall":false,"reachable":false,"explored":false},"11,12,0":{"isWall":true,"halfWall":0,"isLinear":true,"virtualWall":false,"reachable":false,"explored":false},"13,12,0":{"isWall":true,"halfWall":0,"isLinear":true,"virtualWall":false,"reachable":false,"explored":false},"15,12,0":{"isWall":true,"halfWall":0,"isLinear":true,"virtualWall":false,"reachable":false,"explored":false},"14,13,0":{"isWall":true,"halfWall":0,"isLinear":true,"virtualWall":false,"reachable":false,"explored":false},"12,13,0":{"isWall":true,"halfWall":0,"isLinear":true,"virtualWall":false,"reachable":false,"explored":false},"10,13,0":{"isWall":true,"halfWall":0,"isLinear":true,"virtualWall":false,"reachable":false,"explored":false},"8,13,0":{"isWall":true,"halfWall":0,"isLinear":true,"virtualWall":false,"reachable":false,"explored":false},"6,13,0":{"isWall":true,"halfWall":0,"isLinear":true,"virtualWall":false,"reachable":false,"explored":false},"6,9,0":{"isWall":false,"halfWall":0,"isLinear":false,"virtualWall":false,"reachable":false,"explored":false},"1,2,0":{"isWall":false,"halfWall":1,"isLinear":true,"virtualWall":false,"reachable":false,"explored":false},"3,2,0":{"isWall":false,"halfWall":1,"isLinear":false,"virtualWall":false,"reachable":false,"explored":false},"1,4,0":{"isWall":false,"halfWall":0,"isLinear":false,"virtualWall":false,"reachable":false,"explored":false},"6,1,0":{"isWall":true,"halfWall":0,"isLinear":true,"virtualWall":false,"reachable":false,"explored":false},"6,3,0":{"isWall":true,"halfWall":0,"isLinear":true,"virtualWall":false,"reachable":false,"explored":false},"10,5,0":{"isWall":true,"halfWall":0,"isLinear":false,"virtualWall":false,"reachable":false,"explored":false},"11,2,0":{"isWall":true,"halfWall":0,"isLinear":true,"virtualWall":false,"reachable":false,"explored":false},"9,4,0":{"isWall":true,"halfWall":0,"isLinear":false,"virtualWall":false,"reachable":false,"explored":false},"14,1,0":{"isWall":false,"halfWall":0,"isLinear":false,"virtualWall":false,"reachable":false,"explored":false},"7,10,0":{"isWall":false,"halfWall":1,"isLinear":false,"virtualWall":false,"reachable":false,"explored":false},"9,10,0":{"isWall":false,"halfWall":2,"isLinear":false,"virtualWall":false,"reachable":false,"explored":false},"11,10,0":{"isWall":false,"halfWall":1,"isLinear":false,"virtualWall":false,"reachable":false,"explored":false}},"roomTiles":[["1,9,0","3,9,0","5,9,0","7,9,0","9,9,0","11,9,0","15,9,0","15,11,0","13,11,0","11,11,0","9,11,0","7,11,0","5,11,0"],["5,7,0","7,7,0","7,5,0","5,5,0","1,5,0","1,7,0","1,3,0","3,1,0","1,1,0","3,3,0","5,3,0","5,1,0","7,1,0","7,3,0","9,3,0","9,5,0","11,5,0","11,3,0","11,1,0","13,1,0","13,3,0","9,1,0","15,1,0","15,3,0","15,5,0","15,7,0","13,7,0","11,7,0","9,7,0"],[]],"time":480,"area4Room":{"value":"None","type":0,"$$hashKey":"object:3"}}