{
	"Wheel 1": {
		"dictName": "Wheel 1",
		"name": "Wheel",
		"customName": "wheel1",
		"type": "",
		"x": 260,
		"y": 15,
		"z": 0,
		"rx": 0,
		"ry": -1,
		"rz": 0,
		"a": 1.57
	},
	"Wheel 2": {
		"dictName": "Wheel 2",
		"name": "Wheel",
		"customName": "wheel2",
		"type": "",
		"x": -260,
		"y": 15,
		"z": 0,
		"rx": 0,
		"ry": -1,
		"rz": 0,
		"a": 1.57
	},
	"camera1": {
		"dictName": "camera1",
		"name": "Camera",
		"customName": "rCam",
		"type": "add",
		"x": 313,
		"y": 115,
		"z": -75,
		"rx": -1,
		"ry": 0,
		"rz": 0,
		"a": 1.57
	},
	"camera2": {
		"dictName": "camera2",
		"name": "Camera",
		"customName": "lCam",
		"type": "add",
		"x": -313,
		"y": 115,
		"z": -75,
		"rx": 0,
		"ry": 0.71,
		"rz": 0.71,
		"a": 3.14
	},
	"camera3": {
		"dictName": "camera3",
		"name": "Camera",
		"customName": "bCam",
		"type": "add",
		"x": 0,
		"y": 0,
		"z": -370,
		"rx": -0.71,
		"ry": 0,
		"rz": 0.71,
		"a": 3.14
	},
	"lidar": {
		"dictName": "lidar",
		"name": "Lidar",
		"customName": "lidar",
		"type": "add",
		"x": 0,
		"y": 360,
		"z": 0,
		"rx": -0.58,
		"ry": 0.58,
		"rz": 0.58,
		"a": 2.09
	},
	"iu": {
		"dictName": "iu",
		"name": "InertialUnit",
		"customName": "imu",
		"type": "add",
		"x": 0,
		"y": 0,
		"z": 0,
		"rx": -0.58,
		"ry": 0.58,
		"rz": 0.58,
		"a": 2.09
	},
	"gps": {
		"dictName": "gps",
		"name": "GPS",
		"customName": "gps",
		"type": "add",
		"x": 0,
		"y": 0,
		"z": 0,
		"rx": -1,
		"ry": 0,
		"rz": 0,
		"a": 1.57
	}
}